{
  "accuracy": 0.57,
  "hallucination_rate": 0.43000000000000005,
  "overconfidence_rate": 0.8279569892473119,
  "classification_report": {
    "NOT ENOUGH INFO": {
      "precision": 0.6037735849056604,
      "recall": 0.17204301075268819,
      "f1-score": 0.26778242677824265,
      "support": 186.0
    },
    "REFUTES": {
      "precision": 0.5224489795918368,
      "recall": 0.8258064516129032,
      "f1-score": 0.64,
      "support": 155.0
    },
    "SUPPORTS": {
      "precision": 0.6188118811881188,
      "recall": 0.7861635220125787,
      "f1-score": 0.6925207756232687,
      "support": 159.0
    },
    "accuracy": 0.57,
    "macro avg": {
      "precision": 0.5816781485618719,
      "recall": 0.5946709947927233,
      "f1-score": 0.5334344008005037,
      "support": 500.0
    },
    "weighted avg": {
      "precision": 0.5833451354761968,
      "recall": 0.57,
      "f1-score": 0.5182366694097058,
      "support": 500.0
    }
  }
}